Track name,Artist name,Album,Playlist name,Type,ISRC,Spotify - id
"前前前世 - movie ver.","RADWIMPS","君の名は。","Favorite Songs","Favorite","JPPO01617097","23eTkfMmq1LvqiDzeNHdVe"
"なんでもないや - movie ver.","RADWIMPS","君の名は。","Favorite Songs","Favorite","JPPO01618977","3SMpsXpVrFju2OUzFtJPws"
"抜刀 (feat. 花譜)","Maigo Hanyuu","抜刀 (feat. 花譜)","Favorite Songs","Favorite","JPTF02130201","3diUXDfx20uzySBCK3k9PZ"
"Gone Angels","Mili","To Kill a Living Book -for Library Of Ruina-","Favorite Songs","Favorite","TCJPQ2110399","6HcYzzy7STujV2AG9RqHHh"
"危ノーマル","花譜","魔法","Favorite Songs","Favorite","JPZ922004453","0bg2Ho36W5AbDaTMGuUwsg"
"打上花火","Daoko","打上花火","Favorite Songs","Favorite","JPTF01710201","7pcTLUekZJQnzDOUDuExVJ"
"恋愛サーキュレーション - Yunomi “Kawaii EDM” Remix","Kana Hanazawa","KANAight 〜花澤香菜キャラソン ウルトラリミックス〜","Favorite Songs","Favorite","JPE301600674","3Ytb23uBzBZCfwzcSSqr0Z"
"知らないままで","ロクデナシ","知らないままで","Favorite Songs","Favorite","JPPO02201609","0kEXWokTVYKFxRnNH1xvlg"
"心做し","majiko","Contrast","Favorite Songs","Favorite","JPC231500557","7iYdGuVLqb5bwOlgA6oKGs"
"world.execute (me) ;","Mili","Miracle Milk","Favorite Songs","Favorite","TCJPE1657482","2aozlm4HfRx8yRYL7RCoAH"
"それを世界と言うんだね","花譜","狂想","Favorite Songs","Favorite","JPY392200805","3UqDC5cbeOXRuep44yt2wA"
"深淵","ヰ世界情緒","深淵","Favorite Songs","Favorite","JPY392200495","3gUB2bwB7bdstJlQ9MHvC1"
"新宝島","sakanaction","834.194","Favorite Songs","Favorite","JPVI01527970","4a48lWUd64bZgHUDx0GZlj"
"だんご大家族","Oke/a/","Songs in the Key of /e/","Favorite Songs","Favorite","SE5752443783","6kZxsjayvEPizwJ72O0XMV"
"からくりピエロ -初音ミク「マジカルミライ 2014」Live-","40mP","初音ミク「マジカルミライ 2014」 [Live]","Favorite Songs","Favorite","JPE561500360","0f6Z1Kbo3PzA1sTtoaBbqK"
"Slow Down","Madnap","Slow Down","Favorite Songs","Favorite","QZFPL1900015","54OyMf9WrMvrkAlZ3t0AMs"
"またね幻","ZUTOMAYO","今は今で誓いは笑みで","Favorite Songs","Favorite","JPPO01901846","3FYWuYpw0KUTn1fP523jvx"
"Trouble Is a Friend","Lenka","Lenka (Expanded Edition)","Favorite Songs","Favorite","USSM10803051","2mxT8OWvZSjAzmYYGeBjoY"
"Brave Shine","Aimer","DAWN","Favorite Songs","Favorite","JPU901501303","46YSff2Rq1ZtN1YVk5cwbZ"
"FLASH","Perfume","Perfume The Best ""P Cubed""","Favorite Songs","Favorite","JPPO01614458","0iCOM7P9YJosI9G6mIvU3K"
"PONPONPON","Kyary Pamyu Pamyu","ぱみゅぱみゅレボリューション","Favorite Songs","Favorite","JPWP01170548","1c6C2wg7PRbPBRRUaEvheC"
"Online Love","宇宙ネコ子","日々のあわ","Favorite Songs","Favorite","JPV501600460","7oJ5lM7Pj1xRqMowJV6IJT"
"ふわふわ","Yuta Hashimoto","CHANGE","Favorite Songs","Favorite","JPU901703539","0jcNuHQmBgumnqTO4aBT2O"
"ハロ/ハワユ","ナノウ","ハロ/ハワユ","Favorite Songs","Favorite","JPE561011795","1CEC3JNSQy8OQXmnuLcA1D"
"オドループ","春猿火","CREAM PUFF LIVE 2","Favorite Songs","Favorite","JPY392200507","4XnLF6zIWmBFJFWzVZPNn5"
"パレード","ヨルシカ","だから僕は音楽を辞めた","Favorite Songs","Favorite","JPA651904582","2SdXNiI9ny1WunIx4A7Bjg"
"言って。","ヨルシカ","夏草が邪魔をする","Favorite Songs","Favorite","JPA651703790","6z1TvLTR0oOsWSJfDrERmj"
"左右盲","ヨルシカ","左右盲","Favorite Songs","Favorite","JPPO02202188","797EOD68bmVFiyalgBGeOZ"
"流線形メーデー","花譜","流線形メーデー","Favorite Songs","Favorite","JPY392200475","4fXruhXTrp3eOdVDo9l6nK"
"花女","花譜","魔法","Favorite Songs","Favorite","JPZ922011623","0J6VNnSwiOBmgzf1NOVsIw"
"______ - 羽生まゐご Remix","x0o0x_","人形","Favorite Songs","Favorite","JPB602400686","13cYugdllVaaDp3SemoxEy"
"アンサー","花譜","魔法","Favorite Songs","Favorite","JPZ922004451","5w3rC66HQ8fQWg2V3gepdS"
"世惑い子","花譜","狂想","Favorite Songs","Favorite","JPY392100027","3gKbfrRbrCYBpg7YEA6PeK"
"朝日","カンザキイオリ","KAF+YOU KAFU COMPILATION ALBUM シンメトリー vol.3","Favorite Songs","Favorite","JPY392100036","0NRyx3Hd7vX4vC7OCrVFsU"
"痛みを","花譜","魔法","Favorite Songs","Favorite","JPZ922011625","2DqpLfWCbaK7n4rwuGCYAv"
"彷徨い","花譜","魔法","Favorite Songs","Favorite","JPZ922011621","3egP07pvXrLM42r10U1CqR"
"ニヒル","花譜","狂想","Favorite Songs","Favorite","JPY392100015","3z3NF63OEyOFNjJyJqq27e"
"死んでしまったのだろうか at I SCREAM LIVE - Cover","花譜","I SCREAM LIVE","Favorite Songs","Favorite","JPZ922007303","2WctLDHv8xAxuO5ZBS581p"
"過去を喰らう","花譜","観測","Favorite Songs","Favorite","JPZ921908136","19tvf7Xaibjq9HiGNWtYzL"
"忘れてしまえ","花譜","観測","Favorite Songs","Favorite","JPZ921908130","073EMDbIEj93cuHpVaAaGQ"
"メルの黄昏","花譜","魔法","Favorite Songs","Favorite","JPZ922011624","7xxjPYXy79mAIxzUTyMo0H"
"魔女","花譜","花と心臓","Favorite Songs","Favorite","JPZ921902446","7cyszVXd6SPCiKH4xJrTqn"
"景色","花譜","魔法","Favorite Songs","Favorite","JPZ922004452","0d2IJAfQg8b2iMvda82KiT"
"戸惑いテレパシー","花譜","魔法","Favorite Songs","Favorite","JPZ922002069","3x8lk44PBCtlfSG0rdxOec"
"quiz","花譜","観測","Favorite Songs","Favorite","JPZ921908132","2AElh1Q7tDUsf8OmknC67d"
"心臓と絡繰","花譜","観測","Favorite Songs","Favorite","JPZ921908131","7qBF75uTw54FfuAA3u2H88"
"糸","花譜","観測","Favorite Songs","Favorite","JPZ921908129","3KbS7O90lIU0JtSrTRsblu"
"未確認少女進行形","花譜","観測","Favorite Songs","Favorite","JPZ921908135","2iXaN6Elx3muHcw7R4cIsF"
"例えば","花譜","例えば","Favorite Songs","Favorite","JPB602166780","2jM8dSmkQPCcI5GxAZRshL"
"私論理","花譜","魔法","Favorite Songs","Favorite","JPZ922011620","43gfzIUWGIcWdnn8mhu7HE"
"夜が降り止む前に","花譜","観測","Favorite Songs","Favorite","JPZ921908139","2XxnQ0SAOeyarD6Qb21xVp"
"帰り路","花譜","魔法","Favorite Songs","Favorite","JPZ922011627","3FlVP90ayePHvBUpOJnPJo"
"夜行バスにて","花譜","観測","Favorite Songs","Favorite","JPZ921908134","4T0FaGQX7jxMLQDZbl94hV"
"まほう(MIMI Remix)","花譜","魔法γ","Favorite Songs","Favorite","JPB602148940","3GTsrLoTZM70cNlLC9SHzB"
"エリカ","花譜","観測","Favorite Songs","Favorite","JPZ921908137","57YAbjKLQ7s7NfRCH97zI7"
"モンタージュ","花譜","魔法","Favorite Songs","Favorite","JPZ922011626","52O0zDxZGzi4rFjXq4VTY4"
"魔法の無い世界(Instrumental)","花譜","魔法","Favorite Songs","Favorite","JPZ922011619","3C86iwhtlMdTmlFukdNCna"
"Re:HEROINES","花譜","観測","Favorite Songs","Favorite","JPZ921908133","0yjd9SYltigmNp3RY4qHyn"
"アイドル","YOASOBI","THE BOOK 3","Favorite Songs","Favorite","JPP302300157","1hAloWiinXLPQUJxrJReb1"
"God Is A Girl (Nightcore)","Syrex","Nightcore Gaming Music Vol. 10","Favorite Songs","Favorite","QZS662237507","3jDJFpw8WI4jMcoh54s6WR"
"No title","Reol","No title-","Favorite Songs","Favorite","JPTF01604506","5pZVsZ8TOGly1KnYFmZ61B"
"あさひ","花譜","あさひ","Favorite Songs","Favorite","JPB602144268","5YDxn1WNcRg3qufIBW1xxm"
"Bad Apple!! feat.nomico(Nhato Remix)","Nhato","10th ANNIVERSARY Bad Apple!! feat.nomico","Favorite Songs","Favorite","JPW561805142","1UAlvEi31eT7rwsdQYYe5J"
"flos","YuNi","CoLoR","Favorite Songs","Favorite","JPZ921902353","6BeUfT4uQD0Ag07IsgNuMz"
"たぶん","YOASOBI","たぶん","Favorite Songs","Favorite","JPP302000323","62Lv9WcrfzJqhvYDbilJy3"
"God Is a Girl","Groove Coverage","God Is a Girl","Favorite Songs","Favorite","DEF910200030","5LArYFxcsMkArh2RFC5dyn"
"夜に駆ける","YOASOBI","THE BOOK","Favorite Songs","Favorite","JPP301900716","6MCjmGYlw6mQVWRFVgBRvB"
"ハイドアンド・シーク","Amatsuki","天月が歌ってみた Vol. 1","Favorite Songs","Favorite","QM6P42210269","1iulUaAyoNHPZ2tADPTjO5"
"オドループ","Lefty Hand Cream","Lefty Hand Covers Ⅱ","Favorite Songs","Favorite","JPPO01804401","3UI6Kxz6cYKGXNwysTqpn0"
"Faded","Alan Walker","Faded","Favorite Songs","Favorite","NOG841549010","7gHs73wELdeycvS48JfIos"
"See You Again (feat. Charlie Puth)","Wiz Khalifa","See You Again (feat. Charlie Puth)","Favorite Songs","Favorite","USAT21703595","2JzZzZUQj3Qff7wapcbKjc"
"17さいのうた。","『ユイカ』","17さいのうた。","Favorite Songs","Favorite","JPPO02201563","1Fwv9oA5Jje4sBE0rcXHiP"
"あのね。","あれくん","あのね。","Favorite Songs","Favorite","JPPO02201067","5BczZ8OQh8TMM0WL7q806z"
"Dumb Ways to Die","Tangerine Kitty","Dumb Ways to Die","Favorite Songs","Favorite","TCABK1229934","180MVaidIYWpB1MSYEv5BI"
"恋泥棒。","『ユイカ』","紺色に憧れて","Favorite Songs","Favorite","JPPO02200527","5BJB71o4sRh0mMaAeObgre"
"カサネテク","Chihiro Nakamura","カサネテク(無敵の合コンテクニック!?/重ねドルチェCMソング)","Favorite Songs","Favorite","JPG321300080","5nU9Ql6YH5FoPC9rhxhYRY"
"不可解","花譜","観測","Favorite Songs","Favorite","JPZ921908140","35OFxGf830hTFgqaVyiITH"
"Alone, Pt. II","Alan Walker","World Of Walker","Favorite Songs","Favorite","NOG841907010","28VbwtsYnj85UEODGpQRem"
"あの夏が飽和する","カンザキイオリ","不器用な男","Favorite Songs","Favorite","JPY392100004","741e9M4J64BIhquRl8QlFX"
"Lost Control (feat. Bianca)","Tyron Hapi","Lost Control (feat. Bianca)","Favorite Songs","Favorite","TCACQ1619019","5SXG6gIw6FRFPWwBQksSJT"
"Fractures","ILLENIUM","Awake","Favorite Songs","Favorite","TCACX1718924","6g4FbLU3XJmczmR1JjHnyg"
"ハルカ","YOASOBI","ハルカ","Favorite Songs","Favorite","JPP302000676","6wKmxUeMJAoz2GpMrw95z5"
"RISE","League of Legends","RISE","Favorite Songs","Favorite","NLRD51859880","69Sy7207dnixZ6w7RSV9Kb"
"Look4You","Alberto Ciccarini","Love Love Love","Favorite Songs","Favorite","ITI341700001","4mXdptw8iNsTkhFZ82EXwD"
"Lovefool","twocolors","Lovefool","Favorite Songs","Favorite","DEUM72001376","51Of5p3lKZeOg6itfs4og4"
"Normal No More","TYSM","Normal No More","Favorite Songs","Favorite","USAT22002127","460WMeltK2dxce4qhcaCF7"
"Phoenix","League of Legends","Phoenix","Favorite Songs","Favorite","NLRD51859891","6zAiRKvAMlXHxEtyO4yxIO"
"谪仙","叶里","谪仙","Favorite Songs","Favorite","HKG732006925","72KxX6eo2CXyKWyALd7voh"
"What Do You Mean?","Justin Bieber","Purpose (Deluxe)","Favorite Songs","Favorite","USUM71511919","4B0JvthVoAAuygILe3n4Bs"
"One Last Time (feat. Jesper Jenset)","Gromee","One Last Time (feat. Jesper Jenset)","Favorite Songs","Favorite","PLB381800469","2fsUx17P1kqo8s5LZKO8oh"
"SAKURA","Ikimonogakari","Chou Ikimonobakari Tennen Kinen Members Best Selection","Favorite Songs","Favorite","JPES00502221","1lTfD2M6UpJRWi3YLb8qb5"
"Broken Ones (with Anna Clendening)","ILLENIUM","ASCEND","Favorite Songs","Favorite","USUG11901628","6tPnAqe6UNeKMoOrruBSEi"
"10月無口な君を忘れる","Atarayo","10月無口な君を忘れる","Favorite Songs","Favorite","JPB602101186","006u4CXVO2cusq08RrMElQ"
"Reality","Lost Frequencies","Less Is More","Favorite Songs","Favorite","NLF711502765","1Mys1gf9SkMBAVGGxpkJ7d"
"Just the Same","Charlotte Lawrence","Just the Same","Favorite Songs","Favorite","QM24S1705865","4uoeDHQanb8lJ5lNGfaz69"
"The Phoenix","Fall Out Boy","Save Rock And Roll","Favorite Songs","Favorite","USUM71302620","7jwDuO7UZvWs77KNj9HbvF"
"砂の惑星 feat.初音ミク","hachi","砂の惑星 feat.初音ミク","Favorite Songs","Favorite","JPG101700119","2RBQ84niVRC6bBdhe7lc9F"
"虞兮叹","闻人听書_","虞兮叹","Favorite Songs","Favorite","FR2X42288216","1M9AahuussqH7pst0IZHRE"
"アイスクリーム","Guiano","A","Favorite Songs","Favorite","JPZ922101656","7h7GniJOyzvfFREvFdrcke"
"LION","(G)I-DLE","I trust","Favorite Songs","Favorite","KRA491901000","40OyiVO9NtBg9R2Gpwxs3u"
"Something Just Like This","One Voice Children's Choir","Joy","Favorite Songs","Favorite","QZ22B1827484","2klTqmlGmdmPH7g0MA5bU6"
"Sing Me to Sleep","Alan Walker","Sing Me to Sleep","Favorite Songs","Favorite","NOG841611010","2Fjz5ZC5BvFdCqcnTZ3ilH"
"ハルジオン","YOASOBI","ハルジオン","Favorite Songs","Favorite","JPP302000218","7HneEBTvTra2CRYsxgMOAi"
"Love Is Gone - Acoustic","Dylan Matthew","Love Is Gone (Acoustic)","Favorite Songs","Favorite","CA5KR1969481","7F1CiKqrY44kh5cDqwHOnx"
"Believer","One Voice Children's Choir","Believer","Favorite Songs","Favorite","QZ22B2096600","1jorzuOuIw7VtUGURa1e1W"
"In The End","Tommee Profitt","In The End","Favorite Songs","Favorite","TCADO1871408","2qQg4qcqJmAalzRwhgf5mt"
"Dream It Possible","Chloé 666","Dream It Possible","Favorite Songs","Favorite","QZHN92123684","2iThPS3xkcRgg8V3ZgZWPQ"
"群青","YOASOBI","群青","Favorite Songs","Favorite","JPP302000468","0T4AitQuq8IJhWBWuZwkFA"
"All Falls Down (feat. Juliander)","Alan Walker","All Falls Down (feat. Juliander)","Favorite Songs","Favorite","NOG841715010","5yFSF6qQA1rcLsQRnBsZgb"
"だから僕は音楽を辞めた","ヨルシカ","だから僕は音楽を辞めた","Favorite Songs","Favorite","JPA651904585","5j7ixaLeGTGSv4DzKs0pCM"
"Natural","Planet in Limbo","Say Amen","Favorite Songs","Favorite","FR0W62003097","3BdBf7gvyZ4j3X4tqQg5Tc"
"After the Afterparty (feat. Lil Yachty)","Charli xcx","After the Afterparty (feat. Lil Yachty)","Favorite Songs","Favorite","GBAHS1600358","0y8Wf6ltWpGCpgqVa21QNX"
"世界線は分岐する(Instrumental)","花譜","魔法","Favorite Songs","Favorite","JPZ922011629","5085cORUXW8GEG7sh81E6b"
"まほう","花譜","魔法","Favorite Songs","Favorite","JPZ922011628","2brlIe1Fvz48bMlodXEq22"
"畢生よ","花譜","魔法","Favorite Songs","Favorite","JPZ922011622","00JQAMtjVT7VULvekn1ZH3"
"Numb","Linkin Park","Meteora","Favorite Songs","Favorite","USWB10300474","2nLtzopw4rPReszdYBJU6h"
"Lemon","Kenshi Yonezu","Lemon","Favorite Songs","Favorite","JPU901800227","7Cd17G3oNQ34OWUwS8ZxfR"
"牵丝戏","正点","牵丝戏","Favorite Songs","Favorite","HKG732001833","5GEcu7bkHX1hMDQ43ziUTU"
"You","Approaching Nirvana","Blocking the Sky","Favorite Songs","Favorite","TCABE1289101","1SU9aigSnLKwvh45sblXWv"
"深海少女 (feat. のぶなが)","ゆうゆ","早退系持論","Favorite Songs","Favorite","JPCR01206830","6MSxfduFZMHEgwJxxAp0u9"
"Monsters","Katie Sky","Monsters","Favorite Songs","Favorite","GB8MX1400041","05Kms0excTlHRel656GZ3U"
"Forgettable (feat. Olivia)","Project 46","Beautiful","Favorite Songs","Favorite","USUS11203423","464aQpCDwedVA34R0kHRC9"
"katharsis","TK from Ling tosite sigure","katharsis","Favorite Songs","Favorite","JPU901802954","7MtpXnAhLKdkXjoFaK95TB"
"Pure Sunlight","Laura Brehm","Pure Sunlight","Favorite Songs","Favorite","CA6D21001056","2ItQjU9tiT5lWQx1jxu76Q"
"Shape Of You","J.Fla","Blossom","Favorite Songs","Favorite","UKG8V1600070","61SS4fSfzrqZG4K3cW1ogO"
"Enemy feat. J.I.D. (from the series Arcane League of Legends)","Imagine Dragons","Arcane League of Legends (Soundtrack from the Animated Series)","Favorite Songs","Favorite","USUM72119916","4qXKkOZ691yYgQu4Lunrds"
"心拍数♯0822 (feat. 星乃一歌&望月穂波&初音ミク)","Leo/need","Leo/need SEKAI ALBUM vol.2","Favorite Songs","Favorite","JPX302358070","4TwatLfIYRQF2gAmlFmwzE"
"伯虎说","平生不晚","伯虎说","Favorite Songs","Favorite","HKG731698134","38pxYsXXd1lWkQXszyyWSp"
"Legends Never Die","League of Legends","Legends Never Die","Favorite Songs","Favorite","QMAF31500062","1FpVJ7HpZInE2GvhVE2TwT"
"Pasta","New Rules","Go The Distance (Extended)","Favorite Songs","Favorite","USAT22206170","6UyqJJUwOrtop3YB8eruGR"
"Scared to Be Lonely","Martin Garrix","Scared to Be Lonely","Favorite Songs","Favorite","NLM5S1600025","3ebXMykcMXOcLeJ9xZ17XH"
"Remember the Summer (Acoustic)","Ummet Ozcan","Remember the Summer (Acoustic)","Favorite Songs","Favorite","HKJ962115410","59ztHeabnSnS9i2lC701kB"
"Move Your Body","Sia","This Is Acting (Deluxe Version)","Favorite Songs","Favorite","USRC11502933","73Mfgc0HTZeNCoNrDI46sJ"
"Big Big World","Emilia","Big Big World","Favorite Songs","Favorite","SEBLM9808010","5I4xjdu4DeKUNMiufzQLoA"
"Used To","James Carter","Used To","Favorite Songs","Favorite","DEAX11900013","7fxBpWDrnSYnbMq1nXxHPw"
"STYX HELIX","MYTH & ROID","eYe's","Favorite Songs","Favorite","JPD731600476","2tcSz3bcJqriPg9vetvJLs"
"Please Don't Go","Joel Adams","Please Don't Go","Favorite Songs","Favorite","AUZN31500442","3cNjgVBKTJ1SvKhunrCdVy"
"红昭愿","音阙诗听","红昭愿","Favorite Songs","Favorite","FR2X41704285","5TM54tXxqvd2Iu6B0ueXB7"
"春娇与志明","街道办GDC","春娇与志明","Favorite Songs","Favorite","HKG732137033","4ZUzf1qWx3OaNsF5q6AFXC"
"わたしの線香","花譜","わたしの線香","Favorite Songs","Favorite","JP92N2209792","1Gp94UwuwbbS4vsLfaDiBz"
"アイロニ","majiko","アイロニ","Favorite Songs","Favorite","JPPO02001566","1OA144pXkdPDAdp8nm14Pk"
"Empty Love","Lulleaux","Empty Love (feat. Kid Princess)","Favorite Songs","Favorite","NLE802000155","63xvTDxy0PGdEZXA9sSDiJ"
"Wrap Me In Plastic - Marcus Layton Radio Edit","CHROMANCE","Wrap Me In Plastic (Marcus Layton Radio Edit)","Favorite Songs","Favorite","DEE861904185","3n2P3ipLt5mPFVaM0fJHNR"
"Deep Blue","William Black","Pages","Favorite Songs","Favorite","GBKPL1959995","3lzmoZIPWJxew5Tjyi715j"
"Lifeline","Zeraphym 六翼使徒","Lifeline","Favorite Songs","Favorite","HKG732100047","1HQnwBGjeYM0K0oCIYTA2v"
"Umbrella","Ember Island","Umbrella","Favorite Songs","Favorite","TCADE1718382","2FX5HPP1FNNuLlt2UU9os7"
"勾指起誓","洛天依","2：3","Favorite Songs","Favorite","DGA092323747","67UfB9HfVgV0ISWMFQ46be"
"Closer","The Chainsmokers","Closer","Favorite Songs","Favorite","USQX91601347","7BKLCZ1jbUBVqRi2FVlTVw"
"Ghost","Au/Ra","Ghost","Favorite Songs","Favorite","GBARL1901090","5TgS4dcUAU8EEb506d8wAT"
"Awaken","League of Legends","Awaken","Favorite Songs","Favorite","NLRD51859888","3jevgr3fYdv9wYO3IDJq2a"
"恋音と雨空","Lefty Hand Cream","1LDK","Favorite Songs","Favorite","JPPO01904976","3DafJLG3hayFxP2N6UnnQD"
"好きだから。","『ユイカ』","好きだから。","Favorite Songs","Favorite","JPPO02101687","02xwA3Ej9NPetftp9V7VZ3"
"世界は恋に落ちている","CHiCO with HoneyWorks","世界は恋に落ちている","Favorite Songs","Favorite","JPX401400045","0PWIc3fMjsnfxv2SyQ2lRx"
"PAIN","DUSTCELL","PAIN","Favorite Songs","Favorite","JPB602079987","4mfNr2MTBHQplWFtpeKXAQ"
"The end of prologue(Instrumental)","花譜","観測","Favorite Songs","Favorite","JPZ921908142","3vRkZaH4ygRjsQLAzuqw3W"
"そして花になる","花譜","観測","Favorite Songs","Favorite","JPZ921908141","4lGchYEqRlrWxdWYSyQ8dD"
"確信(Instrumental)","花譜","観測","Favorite Songs","Favorite","JPZ921908128","4u5tt69y53jenElEhNkhjY"
"POP/STARS","K/DA","POP/STARS","Favorite Songs","Favorite","NLRD51859885","5sbooPcNgIE22DwO0VNGUJ"
"Mom","蜡笔小心","Mom","Favorite Songs","Favorite","HKG732006847","1Qyn6zrpPo3B14dwA2vodm"
"summertime","cinnamons","summertime","Favorite Songs","Favorite","TCJPF1793843","172zA5Yn0YzayQWvEJuGAm"
"sweets parade - lyrical Remix","Kana Hanazawa","KANAight 〜花澤香菜キャラソン ウルトラリミックス〜","Favorite Songs","Favorite","JPE301600676","6DtNYY90WNCKXVzYzmJBBh"
"Not Angry","Chris James","Not Angry","Favorite Songs","Favorite","USL4Q2038947","720bDWggHx9KL3TzKZeM1c"
"again","YUI","HOLIDAYS IN THE SUN","Favorite Songs","Favorite","JPSR00900821","4OQq1bcP12GQQXJNupxqfR"
"花に亡霊","ヨルシカ","盗作","Favorite Songs","Favorite","JPPO02001032","3FUqp10RhCmMjyyB9extmo"
"LOSER","Kenshi Yonezu","BOOTLEG","Favorite Songs","Favorite","JPU901602597","7AqUE5AY514dbzeOAfJRa0"
"運命の人","『ユイカ』","紺色に憧れて","Favorite Songs","Favorite","JPPO02303434","1Ho9JQmp7FPomDQ5mbusw0"
"恋をしているみたいなの","『ユイカ』","紺色に憧れて","Favorite Songs","Favorite","JPPO02400149","2gfWGM1lXFaO26Hm5AfozH"
"スノードーム","『ユイカ』","紺色に憧れて","Favorite Songs","Favorite","JPPO02303993","4jYl2LqogYDtf0h4ROsB5t"
"Enemy (with JID) - from the series Arcane League of Legends","Imagine Dragons","Mercury - Acts 1 & 2","Favorite Songs","Favorite","USUM72119916","3CIyK1V4JEJkg02E4EJnDl"
"GODS","League of Legends","GODS","Favorite Songs","Favorite","QZH6S1900802","210JJAa9nJOgNa0YNrsT5g"
"Enemy - From the series Arcane League of Legends","Imagine Dragons","Enemy - from the series Arcane League of Legends","Favorite Songs","Favorite","USUM72120989","5UlnuulVAVmmesw4VzqHdG"
"Legends Never Die - (Remix)","League of Legends","Legends Never Die (Remix)","Favorite Songs","Favorite","QMAF31500063","66YtIqT0kN4958EXnCnAmE"
"Warriors","League of Legends","Warriors","Favorite Songs","Favorite","QZH6S1900254","3f4fc8c8unrQeKecmUPEDR"
"スイマー","花譜","GSA","Favorite Songs","Favorite","JPY392401877","0RLSPWeMYmqPynl2y8jhh2"
"邂逅","花譜","狂想","Favorite Songs","Favorite","JPY392200809","6wEpSYhoD5ZENzdIMYzR6g"
"あわく心模様","森先化歩","Memories KAMITSUBAKI CITY UNDER CONSTRUCTION THEME SONGS COLLECTION","Favorite Songs","Favorite","JPY392100255","2YRyWk4JTw45WfpXNw8tAd"
"＆疾走(Reverse) ft.花譜","Dios","＆疾走 (Deluxe ver.)","Favorite Songs","Favorite","JPC102300225","0G2X34hx1ks0LRf2Zwa9NT"
"灯火","niKu","灯火","Favorite Songs","Favorite","TCJPP2162980","2aFWdd241YFiM9oH5BCxm4"
"新世界へ","Albemuth","eve","Favorite Songs","Favorite","JPY392200376","5H4G0URWqLf6sZ6lypKRU9"
"金木犀","水野あつ","金木犀","Favorite Songs","Favorite","TCJPP2188500","5EWE70JMUwuFM0BWJLBz2m"
"無理に笑わなくて良いよ","水野あつ","無理に笑わなくて良いよ","Favorite Songs","Favorite","TCJPR2218033","6orPq4W2CSDSR7VV85jhrE"
"a thousand years","Christina Perri","a thousand years","Favorite Songs","Favorite","USAT21102141","6lanRgr6wXibZr8KgzXxBl"
"Dance Monkey","Tones And I","Welcome To The Madhouse (Deluxe)","Favorite Songs","Favorite","QZES71982312","2N8m6CYs74qQO4mjVcXO30"
"On My Way","Alan Walker","Live Fast (Japan Exclusive)","Favorite Songs","Favorite","NOG841901010","7KhHA3mzt7A3LFlOJEAKpI"
"Play","K-391","Play","Favorite Songs","Favorite","NOG841904010","4jp4Z02kzzg8gK0NmDGgml"
"グランドエスケープ","RADWIMPS","天気の子 (complete version)","Favorite Songs","Favorite","JPV971900063","5bUWFHUTbXQcmqI6vWL62j"
"Amanojaku - Wing Piano Ver.","Akie秋绘","Amanojaku (Wing Piano Ver.)","Favorite Songs","Favorite","JPPC02210045","5y1Ou2ZhpwQIgDvTg6f2Wy"
"Daisy","花鋏キョウ","Petrichor","Favorite Songs","Favorite","TCJPP2162262","07NfSC0x4mEaVpBqDJchgm"
"ハナタバ","MIMI","よるつむぎ","Favorite Songs","Favorite","JPY392200727","3R3JSXXyr2smZGP2xamRjy"
"Virtual to LIVE","にじさんじ","Virtual to LIVE","Favorite Songs","Favorite","JPZ921909910","1nALR2zDcS7cZVnH4HNe8N"
"酔いどれ知らず","Kanaria","酔いどれ知らず","Favorite Songs","Favorite","TCJPR2280966","4oPCfEDVIKnPJ6UPkhJPCa"
"Surges","Orangestar","Surges","Favorite Songs","Favorite","JPA652105516","5XhxMq0dQNenKr6eDU79Ka"
"ハロ／ハワユ","Kano","rye","Favorite Songs","Favorite","JPTE01809880","3RtQYIP2b5J6eZU1pncuDs"
"アディオス","DAZBEE","orbit","Favorite Songs","Favorite","JPPO02202739","0jyxo8MlRDZu0S0e7yUBDD"
"縋った恋に、サヨナラを。","Matsuri","縋った恋に、サヨナラを。","Favorite Songs","Favorite","TCJPR2286854","4geHozLnnTOypnL9wIK4Yv"
"エルマ","ヨルシカ","だから僕は音楽を辞めた","Favorite Songs","Favorite","JPA651904583","5YCwibP7MrreKevBdimMZU"
"あいつら全員同窓会","ZUTOMAYO","沈香学","Favorite Songs","Favorite","JPPO02101873","7rzoBRR4LbJZH5t7Q6qeTn"
"怪物","YOASOBI","THE BOOK 2","Favorite Songs","Favorite","JPP302000760","6uhIF5J5Txaie0is2nXdxU"
"忘れじの言の葉 - 2022","未来古代楽団","忘れじの言の葉／エデンの揺り籃","Favorite Songs","Favorite","TCJPS2290216","6c8WsLLpt4rcFMQURDNQO1"
"Diamond City Lights","LazuLight","Diamond City Lights","Favorite Songs","Favorite","JPY252100028","5TCyp6n14NjGnQuRMsWL4h"
"ハルカ","YOASOBI","THE BOOK","Favorite Songs","Favorite","JPP302000676","5D9MPWdY2hjSeTIGE5n5kv"
"泥中に咲く","Wolpis Carter","これからもウォルピス社の提供でお送りします。","Favorite Songs","Favorite","JPT361800093","1T7OVSd5A5H0Ic82eu6Mbm"
"香水","DAZBEE","Remindful.Two","Favorite Songs","Favorite","JPPO02201833","4Lfm5HcL9BOiF45GCuk47X"
"時の踊り子","DAZBEE","Remindful.One","Favorite Songs","Favorite","JPPO02105389","6W3QlO4Q8XY6HHxhXBKBQO"
"忘れじの言の葉","DAZBEE","Remindful.Two","Favorite Songs","Favorite","JPPO02201832","3bhP5Db4ZBcvqE0oJRLzhU"
"回る空うさぎ","DAZBEE","Remindful.One","Favorite Songs","Favorite","JPPO02105385","5NITYjCmkHJEm03GUor1R1"
"忘れてください","ヨルシカ","忘れてください","Favorite Songs","Favorite","JPPO02403065","7raKnLKyQSatDiVVpiZDds"
"眠れない","MIMiNARI","眠れない","Favorite Songs","Favorite","JPU902304060","12al9sDYshsCcdF4HMuIpZ"
"チノカテ","ヨルシカ","幻燈","Favorite Songs","Favorite","JPPO02202608","7HIfg6iQgXkVEUMHAAXW2d"
"世界は恋に落ちている","CHiCO with HoneyWorks","世界はｉに満ちている","Favorite Songs","Favorite","JPX401400045","7JPAO45DZOmN2bciVaBia5"
"彼女は旅に出る","sana","Hush a by little girl","Favorite Songs","Favorite","TCJPG1704896","69hfy1DpoHDZEwFGI93HsG"
"触れていたいだけ","MIMI","触れていたいだけ","Favorite Songs","Favorite","TCJPZ2462983","3Zukt7yYaMt6l7rptAAqzn"
"嘘月","ヨルシカ","創作","Favorite Songs","Favorite","JPPO02001548","4MwVirVMyerMiHkFomOZay"
"そばにいて。","『ユイカ』","紺色に憧れて","Favorite Songs","Favorite","JPPO02103567","6QlZBh9BqqK4d7gBRtkbEZ"
"His Theme","Toby Fox","UNDERTALE Soundtrack","Favorite Songs","Favorite","USE831569689","46A71ZDLPRIFCppAdV2W6j"
"ヨワネハキ","MAISONdes","ヨワネハキ","Favorite Songs","Favorite","JPU902101067","0FOVGBW0RpVRuDuUuN4ZVw"
"JUMP IN","めぐみん (CV: 高橋李依)","TVアニメ『この素晴らしい世界に爆焔を!』エンディング・テーマ「JUMP IN」","Favorite Songs","Favorite","JPCO02234380","22GHntTE9yUxA12jwpX62m"
"レクイエム","Kanaria","レクイエム","Favorite Songs","Favorite","TCJPV2364365","0MEFe9pCWd4BP8tw5sfh3K"
"オーライア","niKu","オーライア","Favorite Songs","Favorite","TCJPP2199035","4jWknruewJnTodrkqcYfCF"
"命に嫌われている","カンザキイオリ","不器用な男","Favorite Songs","Favorite","JPY392100001","1hl2HnJJUVIB1yDSEkQaJs"
"鍵っ子","sana","Hush a by little girl","Favorite Songs","Favorite","TCJPG1704894","5LJJ7hca7K4LzE3jPHwipu"
"アンコール","YOASOBI","THE BOOK","Favorite Songs","Favorite","JPP302000677","465JzFiajJO59sUrDFsxdC"